sequence,amp_label,ecoli_mic,toxic_label,name,adaptation_weight
REIGRAMRFISRNVFKRTLPGAHTRK,1,5.0,0,REI-26,20.0
LELHVRRELHRLRRDVSHLQLTRRQQRR,0,40.0,0,LEL-28,20.0
TRRRVRRTSRLVAKRALLLCILLYCT,1,3.75,0,TRR-26,20.0
LRSPGISRFRRKIAKRSIKTL,1,3.75,0,LRS-21,20.0
SPEYPEHMRWKRSLSRKAKRKP,0,30.0,0,SPE-22,20.0
GFDILLGLDVNKKVKKRIQLSPKKIKGYEV,1,10.0,0,GFD-30,20.0
GPENFSKMKMFMKNLVSKS,0,,0,GPE-19,20.0
SFVARNTFKRVRNGFLMRKVAVFFSNTPTRASP,1,3.75,1,TFK-18,20.0
LLGDFFRKSKEKIGKEFKRIVQRIKDFLRNLVPRTES,1,1.25,1,LL-37,20.0
GIGAVLKVLTTGLPALISWIKRKRQQ,1,1.25,1,melittin,20.0
GEKGNPGRRGDKGPRGEKGERGDVG,0,,0,GEK-25,20.0
