name,sequence,source,amp_probability,pred_ecoli_log10_mic,pred_ecoli_mic_uM,toxicity_probability,ml_selectivity_score,charge,revised_score,rank_among_7225_constrained_candidates,percentile_vs_constrained_candidates,rank_vs_all_50000_by_ml_score,observed_ecoli_uM,cytotox_label
TRR-26,TRRRVRRTSRLVAKRALLLCILLYCT,Col6a6,0.9996441754171723,0.5671865090962807,3.6913609116082866,0.10498013914566733,9.513791184309742,7.913613423274384,9.513791184309742,1,100.0,5,3.75,low
LRS-21,LRSPGISRFRRKIAKRSIKTL,Col9a1,0.999467038585391,0.5822301873650261,3.821467648911644,0.08175205382122099,9.371190060947281,7.975403377242581,9.371190060947281,3,99.97231833910034,7,3.75,low
REI-26,REIGRAMRFISRNVFKRTLPGAHTRK,Col6a6,0.9995336198890061,0.6928274964070156,4.929779521469952,0.1054490308108346,9.113160505097234,7.217069095042681,9.113160505097234,6,99.93079584775086,24,5,low
GFD-30,GFDILLGLDVNKKVKKRIQLSPKKIKGYEV,Col21a1,0.9994106984481366,1.0386513771480517,10.930785629092258,0.10553722617748054,8.532788377566305,4.976833209785296,8.532788377566305,32,99.57093425605537,140,10,low
LL-37,LLGDFFRKSKEKIGKEFKRIVQRIKDFLRNLVPRTES,benchmark,0.9994070949230319,0.1888313367819872,1.5446544388591943,0.6784796991589384,6.492575400863388,5.9802874077198975,6.492575400863388,949,86.87889273356402,3248,1.25,high
TFK-18,SFVARNTFKRVRNGFLMRKVAVFFSNTPTRASP,Col6a3,0.999162899225663,0.5730774770093194,3.741773345843308,0.7268423046978807,5.531800291761742,6.975561841446943,5.531800291761742,2126,70.58823529411764,6736,3.75,intermediate
melittin,GIGAVLKVLTTGLPALISWIKRKRQQ,benchmark,0.9995414755341541,0.1735291084949589,1.4911766979032872,0.9623239162054107,4.271031543785433,4.975412864045562,4.271031543785433,4121,42.9757785467128,12844,1.25,very_high
LEL-28,LELHVRRELHRLRRDVSHLQLTRRQQRR,Col4 CG42342,0.0011230594070226235,1.603206870693298,40.10577109121367,0.05760927557301846,-5.59817277266863,6.699933723642032,-5.59817277266863,7226,0.0,50001,40,low
GPE-19,GPENFSKMKMFMKNLVSKS,Col6a6,0.0006706569538277449,1.4927009894441918,31.0957466632178,0.09438216881611401,-6.536538200759264,2.9765180668878743,-6.536538200759264,7226,0.0,50001,>40,low_or_neutral
SPE-22,SPEYPEHMRWKRSLSRKAKRKP,Col12a1,0.0014814351868283635,1.4745403853111627,29.822248539565756,0.04633140287326715,-4.96265228525664,6.217222135902463,-4.96265228525664,7226,0.0,50001,30,low
GEK-25,GEKGNPGRRGDKGPRGEKGERGDVG,Col6a3,0.0010674484780458713,2.0453055814898256,110.99555356710576,0.06389173512686762,-6.201259725269063,1.9807659626006444,-6.201259725269063,7226,0.0,50001,>40,low_or_neutral
