name,sequence,source,public_amp_probability,public_pred_ecoli_mic_uM,public_toxicity_probability,public_ml_score,public_only_rank_vs_50000_generated,public_only_percentile
TRR-26,TRRRVRRTSRLVAKRALLLCILLYCT,Col6a6,0.9961877074946228,2.5866673494336805,0.26661994756966584,6.164540575596436,4275,91.452
LRS-21,LRSPGISRFRRKIAKRSIKTL,Col9a1,0.979352813201126,7.197695215068957,0.2269642833700815,4.227601495344112,13227,73.548
LL-37,LLGDFFRKSKEKIGKEFKRIVQRIKDFLRNLVPRTES,benchmark,0.9358811585391758,7.336096431212252,0.13739450984711463,3.6523655912579804,16367,67.268
REI-26,REIGRAMRFISRNVFKRTLPGAHTRK,Col6a6,0.9358194798503836,3.6691693199586184,0.29664421559715964,2.978468003995085,20276,59.45
SPE-22,SPEYPEHMRWKRSLSRKAKRKP,Col12a1,0.865639995665002,8.151910169430863,0.12779536393451732,2.8722677699565358,20851,58.3
TFK-18,SFVARNTFKRVRNGFLMRKVAVFFSNTPTRASP,Col6a3,0.861651067100888,2.043325732986501,0.27696909484214816,2.478271539635128,23106,53.790000000000006
melittin,GIGAVLKVLTTGLPALISWIKRKRQQ,benchmark,0.9949728719418504,4.34270565942835,0.9205713301548387,2.199784722840878,24817,50.368
GFD-30,GFDILLGLDVNKKVKKRIQLSPKKIKGYEV,Col21a1,0.9011239947048245,17.866800107812097,0.2619229122715938,1.9937160697934782,26082,47.838
LEL-28,LELHVRRELHRLRRDVSHLQLTRRQQRR,Col4 CG42342,0.32172040841806204,7.579804838082793,0.16788017627562335,-0.024811892129571023,37955,24.092000000000002
GPE-19,GPENFSKMKMFMKNLVSKS,Col6a6,0.2660684215034536,46.71293967164447,0.22537326788096465,-1.4494769749758898,45004,9.994000000000003
GEK-25,GEKGNPGRRGDKGPRGEKGERGDVG,Col6a3,0.051088041459861074,85.01445923829358,0.14207284463122638,-3.053066444656478,49226,1.5499999999999958
