name,sequence,observed_active,observed_ecoli_mic_uM,observed_toxic,public_amp,adapted_amp,public_mic,adapted_mic,public_toxicity,adapted_toxicity
REI-26,REIGRAMRFISRNVFKRTLPGAHTRK,1,5.0,0,0.9358194798503836,0.9995336198890061,3.6691693199586184,4.929779521469952,0.29664421559715964,0.10544903081083458
LEL-28,LELHVRRELHRLRRDVSHLQLTRRQQRR,0,40.0,0,0.32172040841806204,0.0011230594070226235,7.579804838082793,40.10577109121367,0.16788017627562335,0.057609275573018454
TRR-26,TRRRVRRTSRLVAKRALLLCILLYCT,1,3.75,0,0.9961877074946228,0.9996441754171723,2.5866673494336805,3.6913609116082866,0.26661994756966584,0.10498013914566731
LRS-21,LRSPGISRFRRKIAKRSIKTL,1,3.75,0,0.979352813201126,0.999467038585391,7.197695215068957,3.821467648911644,0.22696428337008148,0.08175205382122099
SPE-22,SPEYPEHMRWKRSLSRKAKRKP,0,30.0,0,0.865639995665002,0.0014814351868283635,8.151910169430863,29.822248539565756,0.12779536393451735,0.04633140287326717
GFD-30,GFDILLGLDVNKKVKKRIQLSPKKIKGYEV,1,10.0,0,0.9011239947048245,0.9994106984481366,17.866800107812097,10.930785629092258,0.2619229122715938,0.10553722617748051
GPE-19,GPENFSKMKMFMKNLVSKS,0,,0,0.2660684215034536,0.0006706569538277449,46.71293967164447,31.0957466632178,0.2253732678809646,0.09438216881611401
TFK-18,SFVARNTFKRVRNGFLMRKVAVFFSNTPTRASP,1,3.75,1,0.861651067100888,0.999162899225663,2.043325732986501,3.741773345843308,0.27696909484214816,0.7268423046978807
LL-37,LLGDFFRKSKEKIGKEFKRIVQRIKDFLRNLVPRTES,1,1.25,1,0.9358811585391758,0.9994070949230319,7.336096431212252,1.5446544388591943,0.13739450984711463,0.6784796991589384
melittin,GIGAVLKVLTTGLPALISWIKRKRQQ,1,1.25,1,0.9949728719418504,0.9995414755341541,4.34270565942835,1.4911766979032872,0.9205713301548387,0.9623239162054107
GEK-25,GEKGNPGRRGDKGPRGEKGERGDVG,0,,0,0.051088041459861074,0.0010674484780458713,85.01445923829358,110.99555356710576,0.14207284463122635,0.06389173512686762
