feature,model,impurity_importance
length,public,0.03776413480346142
charge,public,0.012122293709310282
boman,public,0.028236917846601987
hmoment,public,0.020580964937340504
apv,public,0.014196764518626693
alpha,public,0.015159096221010315
basic_frac,public,0.017972195529526704
acidic_frac,public,0.011571659603200727
aromatic_frac,public,0.015428702377070528
hydrophobic_frac,public,0.022664541655190943
proline_frac,public,0.006314844965040675
glycine_frac,public,0.01120407549840787
aa_A,public,0.011784842098910753
aa_C,public,0.008302859755416128
aa_D,public,0.006176411642889927
aa_E,public,0.013286404218443928
aa_F,public,0.011766840759390995
aa_G,public,0.011935796442943009
aa_H,public,0.004195374582035775
aa_I,public,0.015849226726298675
aa_K,public,0.011087731265906326
aa_L,public,0.014686513916844572
aa_M,public,0.004546290244701568
aa_N,public,0.004402950374968158
aa_P,public,0.005905014202793847
aa_Q,public,0.0076662500482109555
aa_R,public,0.016974586901825333
aa_S,public,0.00783743823522068
aa_T,public,0.0053103113288128275
aa_V,public,0.0066471116429507315
aa_W,public,0.008098175968661529
aa_Y,public,0.006673790610611142
dipep_AA,public,0.004750640453032124
dipep_AC,public,0.0002977050250479168
dipep_AD,public,8.302275617135381e-05
dipep_AE,public,0.00027534418748424266
dipep_AF,public,0.0009533177696165738
dipep_AG,public,0.002216773081570541
dipep_AH,public,0.00040845181645961074
dipep_AI,public,0.010652572053189133
dipep_AK,public,0.0049098402223214585
dipep_AL,public,0.0060141030940159745
dipep_AM,public,0.00043815432494264723
dipep_AN,public,0.0011394904390744586
dipep_AP,public,0.0005779446265972986
dipep_AQ,public,0.002516033596554821
dipep_AR,public,0.0008451737998847389
dipep_AS,public,0.001256824146126871
dipep_AT,public,0.00046767859764916753
dipep_AV,public,0.001934866662895834
dipep_AW,public,0.00022760320304799153
dipep_AY,public,0.0002122316939805888
dipep_CA,public,0.0004923883038447079
dipep_CC,public,0.0004326815339306183
dipep_CD,public,8.585492997849719e-05
dipep_CE,public,0.00010914952893274577
dipep_CF,public,6.920967723143384e-05
dipep_CG,public,0.013431178705162979
dipep_CH,public,9.098208340966422e-05
dipep_CI,public,0.00019862570795962893
dipep_CK,public,0.0006897808590199404
dipep_CL,public,0.00017596172749663336
dipep_CM,public,0.0
dipep_CN,public,0.00039160168189586306
dipep_CP,public,0.0003048073168450577
dipep_CQ,public,8.990918701632697e-05
dipep_CR,public,0.0003063564303414205
dipep_CS,public,0.00029474185420787224
dipep_CT,public,0.0002669197554659362
dipep_CV,public,0.000463548396481026
dipep_CW,public,0.0003367209980044387
dipep_CY,public,0.0008370682124919876
dipep_DA,public,0.0004159190435932036
dipep_DC,public,2.3402201064349425e-05
dipep_DD,public,0.00014131092016838077
dipep_DE,public,0.0005762076952539013
dipep_DF,public,0.00036638361878163874
dipep_DG,public,0.004467722925414638
dipep_DH,public,4.9342595415970945e-05
dipep_DI,public,0.000238325725844918
dipep_DK,public,0.0005346979404313244
dipep_DL,public,0.00035956561631536447
dipep_DM,public,0.0
dipep_DN,public,2.7171028339488926e-05
dipep_DP,public,1.711578012092964e-05
dipep_DQ,public,7.969783954745138e-05
dipep_DR,public,0.00027654502625069774
dipep_DS,public,5.0226426227287083e-05
dipep_DT,public,0.0004282806689571146
dipep_DV,public,0.0004345255968584071
dipep_DW,public,0.00017277888540775209
dipep_DY,public,0.00015580004801260338
dipep_EA,public,0.00532578015470417
dipep_EC,public,0.00037049614984999065
dipep_ED,public,0.0002556703434841348
dipep_EE,public,0.00023864297423014245
dipep_EF,public,0.00024634363411179063
dipep_EG,public,0.021728008512092008
dipep_EH,public,0.00018577505340464315
dipep_EI,public,0.0002864516527137593
dipep_EK,public,0.002453542851698259
dipep_EL,public,0.0010002566864602133
dipep_EM,public,0.0
dipep_EN,public,0.01177079560903151
dipep_EP,public,9.170349427688417e-06
dipep_EQ,public,5.228121061121201e-05
dipep_ER,public,0.00013364947806140246
dipep_ES,public,0.00023741293202056502
dipep_ET,public,5.515630471856084e-05
dipep_EV,public,7.938976828186621e-05
dipep_EW,public,6.311872389712295e-05
dipep_EY,public,1.2125351239526421e-05
dipep_FA,public,0.0012319570677064946
dipep_FC,public,0.0017353546225222277
dipep_FD,public,0.00016748029729240458
dipep_FE,public,0.0064645779285455235
dipep_FF,public,0.0011692236400226974
dipep_FG,public,0.0018954659717493247
dipep_FH,public,0.0010408624299695158
dipep_FI,public,0.008297125121269542
dipep_FK,public,0.0024118888637300762
dipep_FL,public,0.009295739219134356
dipep_FM,public,0.00030770820499970917
dipep_FN,public,9.594081557036906e-05
dipep_FP,public,0.0007836562433708885
dipep_FQ,public,0.0002785901476628967
dipep_FR,public,0.0016567233215869861
dipep_FS,public,0.0007662265268960497
dipep_FT,public,0.0007259934758142297
dipep_FV,public,0.001026144456353784
dipep_FW,public,0.0003772125611913803
dipep_FY,public,8.223218476500421e-05
dipep_GA,public,0.0028046913377871656
dipep_GC,public,0.0006188850956817281
dipep_GD,public,0.0001368364363170116
dipep_GE,public,0.0003750803794773209
dipep_GF,public,0.005525158713587237
dipep_GG,public,0.0010187488321641333
dipep_GH,public,0.0009997985182771884
dipep_GI,public,0.0016231964391660587
dipep_GK,public,0.002867480078393851
dipep_GL,public,0.006272592867158515
dipep_GM,public,0.00883824292283208
dipep_GN,public,0.0002233441692863137
dipep_GP,public,0.0007724046728001875
dipep_GQ,public,0.0020145286194174256
dipep_GR,public,0.006219272685129898
dipep_GS,public,0.0007634749186080531
dipep_GT,public,0.0005299070348324542
dipep_GV,public,0.0016866565574163545
dipep_GW,public,0.010234411139177214
dipep_GY,public,0.0088966181422806
dipep_HA,public,0.0007019630380351729
dipep_HC,public,5.223777015225274e-05
dipep_HD,public,1.8572878345547826e-05
dipep_HE,public,0.0
dipep_HF,public,2.5431471336994558e-05
dipep_HG,public,0.00026678371440659284
dipep_HH,public,0.0003543472239049437
dipep_HI,public,0.0012178941389363177
dipep_HK,public,0.0008622416666100142
dipep_HL,public,0.000615577829195073
dipep_HM,public,6.313894399389068e-05
dipep_HN,public,9.17921021398563e-05
dipep_HP,public,9.836168513021358e-05
dipep_HQ,public,0.00013363804539604543
dipep_HR,public,0.0006540557929257774
dipep_HS,public,0.0005627496659546156
dipep_HT,public,4.522430511482829e-06
dipep_HV,public,0.00052544921697608
dipep_HW,public,1.1955541173725375e-05
dipep_HY,public,3.5906873975964045e-06
dipep_IA,public,0.002992079340823397
dipep_IC,public,0.00028032116253350574
dipep_ID,public,0.009648085947636111
dipep_IE,public,0.018361964241302868
dipep_IF,public,0.0023248337707432137
dipep_IG,public,0.0030865325848513955
dipep_IH,public,0.0009195583184872365
dipep_II,public,0.0036541579018223884
dipep_IK,public,0.005063504728554447
dipep_IL,public,0.004938436320931855
dipep_IM,public,0.00014500953041684966
dipep_IN,public,0.0006145194004394542
dipep_IP,public,0.0027770351106448064
dipep_IQ,public,0.0006660168822151815
dipep_IR,public,0.0008433795604446717
dipep_IS,public,0.005725749658630918
dipep_IT,public,0.000891751456277511
dipep_IV,public,0.0012131732177679236
dipep_IW,public,0.0008106407221159799
dipep_IY,public,0.00021331677402873747
dipep_KA,public,0.0025485127798439517
dipep_KC,public,0.0035202790463817976
dipep_KD,public,0.0008513459759140814
dipep_KE,public,0.0008379599645203077
dipep_KF,public,0.0033389325471503994
dipep_KG,public,0.002845730663295914
dipep_KH,public,0.0006359537029941665
dipep_KI,public,0.005385038007402735
dipep_KK,public,0.009015355664053456
dipep_KL,public,0.0039155915045727095
dipep_KM,public,0.00011609974907603544
dipep_KN,public,0.0011852187268273778
dipep_KP,public,0.0011987711454082158
dipep_KQ,public,0.0008963601020355561
dipep_KR,public,0.005834039095234509
dipep_KS,public,0.0009863271095270716
dipep_KT,public,0.002325294971068571
dipep_KV,public,0.0034445882553570915
dipep_KW,public,0.0004947497482365989
dipep_KY,public,0.0009683006951738645
dipep_LA,public,0.0022159163682456485
dipep_LC,public,0.00021884690437872238
dipep_LD,public,0.0009437616128133254
dipep_LE,public,0.0008944845001714111
dipep_LF,public,0.026336146537512258
dipep_LG,public,0.002637946005512369
dipep_LH,public,0.0011880321343238941
dipep_LI,public,0.006678743985352292
dipep_LK,public,0.005072368288978404
dipep_LL,public,0.0029903454535839796
dipep_LM,public,0.0006668175768303173
dipep_LN,public,0.0005770658020652622
dipep_LP,public,0.0052907249949537905
dipep_LQ,public,0.0005376574313767792
dipep_LR,public,0.0023048594996585583
dipep_LS,public,0.0030082445256374643
dipep_LT,public,0.0004578151605009448
dipep_LV,public,0.002085488398861436
dipep_LW,public,0.001772397958049274
dipep_LY,public,0.00019976227054731958
dipep_MA,public,0.00048320405159032337
dipep_MC,public,7.780013425331842e-05
dipep_MD,public,0.00010637084049986658
dipep_ME,public,0.000154809995415981
dipep_MF,public,0.0
dipep_MG,public,0.0002910621081609064
dipep_MH,public,0.0
dipep_MI,public,0.006645693205526617
dipep_MK,public,0.0003763662665797233
dipep_ML,public,0.0007901270050381257
dipep_MM,public,0.00012746998301816387
dipep_MN,public,0.00011904106897336855
dipep_MP,public,0.0
dipep_MQ,public,0.00011793205760792854
dipep_MR,public,0.0003238719804850021
dipep_MS,public,0.00024244221269816943
dipep_MT,public,0.0007384449908234596
dipep_MV,public,3.062456798925786e-05
dipep_MW,public,2.9562136075401268e-05
dipep_MY,public,4.034098028522576e-05
dipep_NA,public,0.0013877387484495854
dipep_NC,public,0.00015217421663553664
dipep_ND,public,4.513549295354879e-05
dipep_NE,public,0.00014091107876175265
dipep_NF,public,0.0004718931963348517
dipep_NG,public,0.005416731529731223
dipep_NH,public,1.0554192182207108e-05
dipep_NI,public,0.00021880731185179654
dipep_NK,public,0.0008106035915347726
dipep_NL,public,0.0013986042431065706
dipep_NM,public,6.30009098713456e-05
dipep_NN,public,6.665646776444265e-05
dipep_NP,public,0.00010943606989788732
dipep_NQ,public,0.0008663611704165112
dipep_NR,public,0.00037241727200117565
dipep_NS,public,0.00043064520423845515
dipep_NT,public,0.0021531423651967563
dipep_NV,public,0.0003276928682361606
dipep_NW,public,0.0001293336983344508
dipep_NY,public,0.00015772624676352814
dipep_PA,public,0.0010753169774757835
dipep_PC,public,0.00038570558171817035
dipep_PD,public,1.339682871299542e-07
dipep_PE,public,0.00040993207521996465
dipep_PF,public,0.0005371797295913915
dipep_PG,public,7.639274901765357e-05
dipep_PH,public,0.0002723776547024473
dipep_PI,public,0.0004610523487028028
dipep_PK,public,0.0014805705396778225
dipep_PL,public,0.0012528691964791491
dipep_PM,public,3.584955106076391e-06
dipep_PN,public,3.122844527811234e-05
dipep_PP,public,0.0002274494253194856
dipep_PQ,public,0.00017030941757323573
dipep_PR,public,0.0013222207620785372
dipep_PS,public,0.00074954681064361
dipep_PT,public,0.00015201845970026843
dipep_PV,public,0.00027261752938495325
dipep_PW,public,5.829936910278494e-05
dipep_PY,public,2.323350078581451e-05
dipep_QA,public,0.0004995493279026287
dipep_QC,public,0.00016179506960880709
dipep_QD,public,0.0003123222965645586
dipep_QE,public,1.8008237127707238e-05
dipep_QF,public,0.0002985472752201053
dipep_QG,public,0.00048243139486869895
dipep_QH,public,0.0019463446250858123
dipep_QI,public,0.0002587571353267087
dipep_QK,public,0.0005694597026367091
dipep_QL,public,0.0008128048123125836
dipep_QM,public,1.6233260827190482e-05
dipep_QN,public,0.00022539324794300464
dipep_QP,public,0.00118288761785082
dipep_QQ,public,0.00032498660023162616
dipep_QR,public,0.006229857505010903
dipep_QS,public,0.00047159931634739436
dipep_QT,public,1.6399871592776848e-05
dipep_QV,public,7.029501170720604e-05
dipep_QW,public,0.0005606732834803798
dipep_QY,public,0.0
dipep_RA,public,0.000731134209048876
dipep_RC,public,0.00034847222908571053
dipep_RD,public,0.0005160053046417278
dipep_RE,public,0.00014679113893772998
dipep_RF,public,0.001195118991525962
dipep_RG,public,0.0013708249867261618
dipep_RH,public,0.0001484942671920059
dipep_RI,public,0.0009833652594263042
dipep_RK,public,0.005517898420107932
dipep_RL,public,0.00400202718221175
dipep_RM,public,0.00035980978067818735
dipep_RN,public,0.0006664171901746972
dipep_RP,public,0.0006220400183107762
dipep_RQ,public,0.015324619452456886
dipep_RR,public,0.005397332786451349
dipep_RS,public,0.00036010563964924746
dipep_RT,public,0.0005600775328183585
dipep_RV,public,0.0011331261119001132
dipep_RW,public,0.0016542023662060896
dipep_RY,public,0.00021268299250332332
dipep_SA,public,0.0011440239554909102
dipep_SC,public,0.0003417273801473448
dipep_SD,public,0.00019501589598625222
dipep_SE,public,6.132712957387842e-05
dipep_SF,public,0.00038366053226290695
dipep_SG,public,0.0005076802647536564
dipep_SH,public,0.00023712515723796929
dipep_SI,public,0.0024179317075632366
dipep_SK,public,0.008444950853608706
dipep_SL,public,0.002652729597749956
dipep_SM,public,4.3698100632625836e-05
dipep_SN,public,0.00046879174325708156
dipep_SP,public,0.000264957417490567
dipep_SQ,public,0.0001156566954104025
dipep_SR,public,0.0005621590033720085
dipep_SS,public,0.00035352654524816867
dipep_ST,public,0.0008345582288481493
dipep_SV,public,0.0007624926613505954
dipep_SW,public,0.0006340808477669494
dipep_SY,public,0.00013280465809097048
dipep_TA,public,0.001221232666130637
dipep_TC,public,0.00016389140311879406
dipep_TD,public,0.00018169109195148182
dipep_TE,public,3.074799333946266e-06
dipep_TF,public,0.0012862052796897311
dipep_TG,public,0.0012582620474738764
dipep_TH,public,0.00011911462565969252
dipep_TI,public,0.003709321108984561
dipep_TK,public,0.0008127151616522519
dipep_TL,public,0.0011101190434858713
dipep_TM,public,9.701165821026094e-06
dipep_TN,public,0.00024134539134120943
dipep_TP,public,0.00011483239929881375
dipep_TQ,public,0.0005769658111899126
dipep_TR,public,0.0002316701135785953
dipep_TS,public,0.0003050674687272213
dipep_TT,public,0.0009513570350706219
dipep_TV,public,0.000966661731919655
dipep_TW,public,2.8523617642055926e-05
dipep_TY,public,2.769636747380531e-05
dipep_VA,public,0.002171188912188097
dipep_VC,public,0.0010354974445833053
dipep_VD,public,3.822402091081581e-05
dipep_VE,public,0.00048040320938180737
dipep_VF,public,0.0004272999883123302
dipep_VG,public,0.0016727418138876922
dipep_VH,public,0.0004784638055134433
dipep_VI,public,0.0008546592990272175
dipep_VK,public,0.0022835469645387622
dipep_VL,public,0.003996800562923462
dipep_VM,public,1.4558021988984406e-05
dipep_VN,public,0.00038264388546209883
dipep_VP,public,0.0005818130934900662
dipep_VQ,public,0.0005348327316082308
dipep_VR,public,0.00161999665601396
dipep_VS,public,0.0006551457932535392
dipep_VT,public,0.00041291684795926096
dipep_VV,public,0.000380300127567829
dipep_VW,public,0.0002489487681301142
dipep_VY,public,0.00026175761787403394
dipep_WA,public,8.744612104246883e-05
dipep_WC,public,0.00011917316024865333
dipep_WD,public,2.7246523130809172e-05
dipep_WE,public,0.007454775596733628
dipep_WF,public,0.0008135527292740647
dipep_WG,public,0.0002512018092713294
dipep_WH,public,1.696837547024231e-05
dipep_WI,public,0.002336074980364117
dipep_WK,public,0.0010540967308640004
dipep_WL,public,0.0008805565159783127
dipep_WM,public,1.2002778234831395e-05
dipep_WN,public,0.00017729550420258618
dipep_WP,public,2.6953218353436018e-05
dipep_WQ,public,0.0003769043688751617
dipep_WR,public,0.0009925680825152048
dipep_WS,public,0.00031097214947899783
dipep_WT,public,7.0371752603241915e-06
dipep_WV,public,9.029065865499611e-05
dipep_WW,public,0.0003058892073149854
dipep_WY,public,0.024442678444218383
dipep_YA,public,0.000388916631296305
dipep_YC,public,0.00037834394786979774
dipep_YD,public,3.5011071044809946e-06
dipep_YE,public,5.731768140329588e-05
dipep_YF,public,9.591701850915844e-06
dipep_YG,public,0.01412065800253417
dipep_YH,public,4.264535700795265e-06
dipep_YI,public,0.0002407681903217062
dipep_YK,public,0.0002436672638261222
dipep_YL,public,0.001113029232113135
dipep_YM,public,0.0
dipep_YN,public,0.0
dipep_YP,public,2.7230721099965738e-05
dipep_YQ,public,0.0005577324838183164
dipep_YR,public,0.0008675448027309316
dipep_YS,public,0.00022508023670264794
dipep_YT,public,7.620447767998253e-05
dipep_YV,public,0.0001695948535086889
dipep_YW,public,0.00020178763667141718
dipep_YY,public,2.3199296839902362e-05
length,adapted,0.03748809458058128
charge,adapted,0.012663682872407437
boman,adapted,0.03164727144016372
hmoment,adapted,0.017634625513928495
apv,adapted,0.016425406652682606
alpha,adapted,0.016210562231150295
basic_frac,adapted,0.02493977116263251
acidic_frac,adapted,0.013630135772344695
aromatic_frac,adapted,0.015654100277390923
hydrophobic_frac,adapted,0.0255424980098654
proline_frac,adapted,0.006035310984408709
glycine_frac,adapted,0.010631652234977883
aa_A,adapted,0.012662271370439671
aa_C,adapted,0.007445259003871445
aa_D,adapted,0.0069247998846336195
aa_E,adapted,0.01156077640088017
aa_F,adapted,0.012046848876783691
aa_G,adapted,0.010588091423160098
aa_H,adapted,0.004322005722034528
aa_I,adapted,0.015318067812998019
aa_K,adapted,0.011945048376476135
aa_L,adapted,0.012795676724841299
aa_M,adapted,0.004289111834990333
aa_N,adapted,0.004690986190144616
aa_P,adapted,0.006377612917793032
aa_Q,adapted,0.008363995520896382
aa_R,adapted,0.021216325244039373
aa_S,adapted,0.00761677315558502
aa_T,adapted,0.005514882100125888
aa_V,adapted,0.007534785990744349
aa_W,adapted,0.009450754247090444
aa_Y,adapted,0.0066621509245407395
dipep_AA,adapted,0.004033652808253386
dipep_AC,adapted,0.00015125985047002705
dipep_AD,adapted,2.6630415810895316e-05
dipep_AE,adapted,0.00022577939277866382
dipep_AF,adapted,0.0007887755369216685
dipep_AG,adapted,0.0023114519384880394
dipep_AH,adapted,0.00027479224229539967
dipep_AI,adapted,0.008859730632744318
dipep_AK,adapted,0.003945953186410092
dipep_AL,adapted,0.005971216159824559
dipep_AM,adapted,0.0002796164150005851
dipep_AN,adapted,0.0008139992463482085
dipep_AP,adapted,0.0005041448942990656
dipep_AQ,adapted,0.0021231888535610706
dipep_AR,adapted,0.0008934027035182116
dipep_AS,adapted,0.0017718044273946115
dipep_AT,adapted,0.0006997223132412836
dipep_AV,adapted,0.005713321675356051
dipep_AW,adapted,0.00020544468309154637
dipep_AY,adapted,0.00018202355075872141
dipep_CA,adapted,0.0004753265345236695
dipep_CC,adapted,0.00039102312364331537
dipep_CD,adapted,8.679362804545068e-05
dipep_CE,adapted,0.00010899497839515463
dipep_CF,adapted,5.722946875563051e-05
dipep_CG,adapted,0.009825555691095944
dipep_CH,adapted,6.578133456968606e-05
dipep_CI,adapted,0.0004254945464290333
dipep_CK,adapted,0.0006157702294047644
dipep_CL,adapted,0.00016729908374480442
dipep_CM,adapted,0.0
dipep_CN,adapted,0.0003002657035170256
dipep_CP,adapted,0.00029813263297632614
dipep_CQ,adapted,5.418468777744256e-05
dipep_CR,adapted,0.0003602970181672317
dipep_CS,adapted,0.0002692530888191447
dipep_CT,adapted,0.00026406881832067273
dipep_CV,adapted,0.000303814143396124
dipep_CW,adapted,0.0002695880064689806
dipep_CY,adapted,0.000627115662892193
dipep_DA,adapted,0.0001421823204128209
dipep_DC,adapted,0.0
dipep_DD,adapted,0.00021683379671855394
dipep_DE,adapted,0.0004797562008446545
dipep_DF,adapted,0.0021255743468000655
dipep_DG,adapted,0.004574648946662431
dipep_DH,adapted,0.000122396291987499
dipep_DI,adapted,0.0002838990176419978
dipep_DK,adapted,0.0006679560870465255
dipep_DL,adapted,0.0004195461287937024
dipep_DM,adapted,5.333960426464209e-06
dipep_DN,adapted,2.9523872707498083e-05
dipep_DP,adapted,1.2630453192405489e-05
dipep_DQ,adapted,7.644488737706856e-05
dipep_DR,adapted,0.0002045506991767183
dipep_DS,adapted,9.362342106639992e-05
dipep_DT,adapted,0.00020193336917644414
dipep_DV,adapted,0.0007080683825830357
dipep_DW,adapted,9.890508704354855e-05
dipep_DY,adapted,0.00016176328306147613
dipep_EA,adapted,0.0053636765477936945
dipep_EC,adapted,0.0003191749288517582
dipep_ED,adapted,0.00014363793598146907
dipep_EE,adapted,0.0004482850493722254
dipep_EF,adapted,0.0019285475012679278
dipep_EG,adapted,0.016375172835483072
dipep_EH,adapted,0.00015331675326742057
dipep_EI,adapted,0.00031098899019200825
dipep_EK,adapted,0.0018542945713144866
dipep_EL,adapted,0.0009007656221853013
dipep_EM,adapted,6.6421008069467305e-06
dipep_EN,adapted,0.005756721426825929
dipep_EP,adapted,3.588620913703462e-05
dipep_EQ,adapted,5.522002404289463e-05
dipep_ER,adapted,7.368861280387942e-05
dipep_ES,adapted,0.0012254857719945459
dipep_ET,adapted,1.6569055898974702e-05
dipep_EV,adapted,0.0002037446065736622
dipep_EW,adapted,6.063225260791289e-05
dipep_EY,adapted,0.0001214077282952577
dipep_FA,adapted,0.0006512499776390618
dipep_FC,adapted,0.0013062851569238055
dipep_FD,adapted,8.105592674235852e-05
dipep_FE,adapted,0.004443622962979156
dipep_FF,adapted,0.0021879738419450945
dipep_FG,adapted,0.001950501629309194
dipep_FH,adapted,0.0007256615296003218
dipep_FI,adapted,0.005155363004906601
dipep_FK,adapted,0.0033934132556388973
dipep_FL,adapted,0.014931781127691302
dipep_FM,adapted,0.0003642112123697049
dipep_FN,adapted,6.539545552267697e-05
dipep_FP,adapted,0.0005329213804812683
dipep_FQ,adapted,0.00023071308263515592
dipep_FR,adapted,0.0013071825058801343
dipep_FS,adapted,0.001129226493034612
dipep_FT,adapted,0.0004794891498266076
dipep_FV,adapted,0.0010658539965482951
dipep_FW,adapted,0.00020902683085376804
dipep_FY,adapted,3.948063142920202e-05
dipep_GA,adapted,0.002128327379079756
dipep_GC,adapted,0.0004185121970296409
dipep_GD,adapted,0.0007562932697828201
dipep_GE,adapted,0.00024967758215512366
dipep_GF,adapted,0.007430527577770064
dipep_GG,adapted,0.0008099663524229939
dipep_GH,adapted,0.0006954581985390343
dipep_GI,adapted,0.0018529925055654464
dipep_GK,adapted,0.00289698844082526
dipep_GL,adapted,0.006181692320178747
dipep_GM,adapted,0.008072591158813022
dipep_GN,adapted,0.00021612522027650877
dipep_GP,adapted,0.0007614357754738852
dipep_GQ,adapted,0.0011137360110409405
dipep_GR,adapted,0.0038987580942918204
dipep_GS,adapted,0.0007381659882635938
dipep_GT,adapted,0.00038092159784068646
dipep_GV,adapted,0.0014551364856337208
dipep_GW,adapted,0.009254581500524509
dipep_GY,adapted,0.005057278298627392
dipep_HA,adapted,0.0007574177689616208
dipep_HC,adapted,9.704009907717098e-05
dipep_HD,adapted,7.273862616939856e-06
dipep_HE,adapted,0.0
dipep_HF,adapted,2.1037661197054595e-05
dipep_HG,adapted,0.00021924369372292087
dipep_HH,adapted,0.0002891016200341225
dipep_HI,adapted,0.0013116701924409185
dipep_HK,adapted,0.0004161114598602109
dipep_HL,adapted,0.0006373261476158365
dipep_HM,adapted,7.1339311647816e-05
dipep_HN,adapted,0.00010203720582139084
dipep_HP,adapted,8.616753864521214e-05
dipep_HQ,adapted,0.00013026743543582354
dipep_HR,adapted,0.0005086158554932576
dipep_HS,adapted,0.0005114532970327938
dipep_HT,adapted,0.00010407599396859334
dipep_HV,adapted,0.0005397398111563926
dipep_HW,adapted,2.3535723546657814e-05
dipep_HY,adapted,4.3611155497310886e-06
dipep_IA,adapted,0.002213990358893455
dipep_IC,adapted,0.00015243803698664952
dipep_ID,adapted,0.006369612701785014
dipep_IE,adapted,0.014720718772640789
dipep_IF,adapted,0.0018842901667969318
dipep_IG,adapted,0.00292286039984216
dipep_IH,adapted,0.0007125326066761286
dipep_II,adapted,0.0028851490503415084
dipep_IK,adapted,0.005113795611980149
dipep_IL,adapted,0.0040739103170033715
dipep_IM,adapted,8.939261573595838e-05
dipep_IN,adapted,0.0007701242930697021
dipep_IP,adapted,0.0020612648519564496
dipep_IQ,adapted,0.0009232557623945453
dipep_IR,adapted,0.0008957878770169607
dipep_IS,adapted,0.0037426466656124285
dipep_IT,adapted,0.0005829161747171768
dipep_IV,adapted,0.002254212366180212
dipep_IW,adapted,0.0007016799503624099
dipep_IY,adapted,0.00012158592589933585
dipep_KA,adapted,0.002599269771759393
dipep_KC,adapted,0.0026086438298628853
dipep_KD,adapted,0.0017311592846444251
dipep_KE,adapted,0.0016660681519082715
dipep_KF,adapted,0.0027572676241518815
dipep_KG,adapted,0.002212875207811067
dipep_KH,adapted,0.0006131347721065077
dipep_KI,adapted,0.005081010917742307
dipep_KK,adapted,0.007262247522254429
dipep_KL,adapted,0.003623950192026311
dipep_KM,adapted,0.00032802937035477324
dipep_KN,adapted,0.0010726752268182293
dipep_KP,adapted,0.0006287068595055486
dipep_KQ,adapted,0.0006473792821374245
dipep_KR,adapted,0.00919525775529605
dipep_KS,adapted,0.0013160855938385086
dipep_KT,adapted,0.001902750701473224
dipep_KV,adapted,0.005609548741304192
dipep_KW,adapted,0.0005086240297651985
dipep_KY,adapted,0.0009913196308916595
dipep_LA,adapted,0.0017829823907275848
dipep_LC,adapted,0.00027575773438489774
dipep_LD,adapted,0.000987033477616395
dipep_LE,adapted,0.000805500964198685
dipep_LF,adapted,0.0200608672416828
dipep_LG,adapted,0.0027363475760076132
dipep_LH,adapted,0.0009115348849531676
dipep_LI,adapted,0.008237518607995318
dipep_LK,adapted,0.0044313886847843695
dipep_LL,adapted,0.0038911932918549736
dipep_LM,adapted,0.0007192602738593626
dipep_LN,adapted,0.0006012407188050544
dipep_LP,adapted,0.004866843000668566
dipep_LQ,adapted,0.0003887194597893495
dipep_LR,adapted,0.002616564697783831
dipep_LS,adapted,0.0031379045642912933
dipep_LT,adapted,0.001171128404720296
dipep_LV,adapted,0.0022385229985062553
dipep_LW,adapted,0.0017809609224340743
dipep_LY,adapted,0.0002847186496302915
dipep_MA,adapted,0.0004291620969528727
dipep_MC,adapted,3.5862624332944376e-05
dipep_MD,adapted,4.027843451856561e-05
dipep_ME,adapted,8.263817536902485e-05
dipep_MF,adapted,0.00014052744501640713
dipep_MG,adapted,0.00019439444075789817
dipep_MH,adapted,0.0
dipep_MI,adapted,0.004784779539021074
dipep_MK,adapted,0.0004900897348636813
dipep_ML,adapted,0.0004144339945438988
dipep_MM,adapted,9.89669610482753e-05
dipep_MN,adapted,8.386030509289534e-05
dipep_MP,adapted,0.0
dipep_MQ,adapted,8.1818403397812e-05
dipep_MR,adapted,0.000680997254847703
dipep_MS,adapted,0.00010246802309255248
dipep_MT,adapted,0.0005491557086108898
dipep_MV,adapted,3.898065996226274e-05
dipep_MW,adapted,2.7022661226817982e-05
dipep_MY,adapted,2.9720847875980377e-05
dipep_NA,adapted,0.0009480156573188114
dipep_NC,adapted,7.820824658052677e-05
dipep_ND,adapted,5.164576522548009e-05
dipep_NE,adapted,0.00012020074770056072
dipep_NF,adapted,0.00047422066062463114
dipep_NG,adapted,0.009662635235617448
dipep_NH,adapted,5.563600682445593e-05
dipep_NI,adapted,0.00018591141290353913
dipep_NK,adapted,0.0008565886497192242
dipep_NL,adapted,0.0015130950621499446
dipep_NM,adapted,3.228341799400695e-05
dipep_NN,adapted,3.500812372698335e-05
dipep_NP,adapted,0.00010261068898044523
dipep_NQ,adapted,0.0005846277612045281
dipep_NR,adapted,0.0003697208699869696
dipep_NS,adapted,0.00028052171576425515
dipep_NT,adapted,0.004602994547777902
dipep_NV,adapted,0.00030913096778863077
dipep_NW,adapted,0.00013072359659551663
dipep_NY,adapted,0.0001648106341303269
dipep_PA,adapted,0.0016053315353537938
dipep_PC,adapted,0.0002627428188672481
dipep_PD,adapted,1.1924827529404056e-05
dipep_PE,adapted,0.00022286403600692541
dipep_PF,adapted,0.0006787011575389207
dipep_PG,adapted,0.0005061976410015791
dipep_PH,adapted,0.00019079385412402989
dipep_PI,adapted,0.0005088678775717752
dipep_PK,adapted,0.0009962653519802194
dipep_PL,adapted,0.0008855147419418742
dipep_PM,adapted,1.6357658904095794e-05
dipep_PN,adapted,4.8017147916226906e-05
dipep_PP,adapted,0.00013027346020436982
dipep_PQ,adapted,0.00018857936413586737
dipep_PR,adapted,0.0010221296432479363
dipep_PS,adapted,0.0006827215231322145
dipep_PT,adapted,0.0016615114227341169
dipep_PV,adapted,0.00017878324334025527
dipep_PW,adapted,4.469247105936897e-05
dipep_PY,adapted,2.6292983889522103e-05
dipep_QA,adapted,0.00038615349238586876
dipep_QC,adapted,0.00017166273552906766
dipep_QD,adapted,0.0002443270854411178
dipep_QE,adapted,1.5671625283086826e-05
dipep_QF,adapted,0.00018486454173814439
dipep_QG,adapted,0.0005899790929666823
dipep_QH,adapted,0.0011118766635569407
dipep_QI,adapted,0.00012111269162066265
dipep_QK,adapted,0.00054658215796267
dipep_QL,adapted,0.0005784292250191385
dipep_QM,adapted,2.8847614232996815e-05
dipep_QN,adapted,0.00035731447229953923
dipep_QP,adapted,0.0009733009865112412
dipep_QQ,adapted,0.0014586858489206362
dipep_QR,adapted,0.008729220561359434
dipep_QS,adapted,0.0005888847926249543
dipep_QT,adapted,1.548803532693766e-05
dipep_QV,adapted,0.00011365238834570188
dipep_QW,adapted,0.000329000215210888
dipep_QY,adapted,0.0
dipep_RA,adapted,0.0010104083358142793
dipep_RC,adapted,0.00036555890869524924
dipep_RD,adapted,0.0007821181272968806
dipep_RE,adapted,0.0003423807374648514
dipep_RF,adapted,0.0012831728069144176
dipep_RG,adapted,0.001113640760281965
dipep_RH,adapted,0.00018200144296910337
dipep_RI,adapted,0.0016077238311862185
dipep_RK,adapted,0.009326144335738088
dipep_RL,adapted,0.004082421956158899
dipep_RM,adapted,0.0004667329746497807
dipep_RN,adapted,0.0022538330905140427
dipep_RP,adapted,0.0003115940491087873
dipep_RQ,adapted,0.01545535077337252
dipep_RR,adapted,0.0047027749843180245
dipep_RS,adapted,0.0004276429847630697
dipep_RT,adapted,0.0012976853608511237
dipep_RV,adapted,0.0010781319312791605
dipep_RW,adapted,0.0014674000529861504
dipep_RY,adapted,0.00029225886111982344
dipep_SA,adapted,0.0013791707973348532
dipep_SC,adapted,0.0004127364554524307
dipep_SD,adapted,0.0002498659475429907
dipep_SE,adapted,9.538161407546578e-05
dipep_SF,adapted,0.0006514390737258122
dipep_SG,adapted,0.00048119446241858205
dipep_SH,adapted,0.00018622711624585137
dipep_SI,adapted,0.0014713823560553226
dipep_SK,adapted,0.008308623009184725
dipep_SL,adapted,0.0018788781716663734
dipep_SM,adapted,4.39751748565043e-05
dipep_SN,adapted,0.002128731414920638
dipep_SP,adapted,0.0010011518159281857
dipep_SQ,adapted,0.0001342324110045878
dipep_SR,adapted,0.0011955664095421906
dipep_SS,adapted,0.0003591463170048609
dipep_ST,adapted,0.0007685443432406264
dipep_SV,adapted,0.0006360253772025626
dipep_SW,adapted,0.0022723671542092022
dipep_SY,adapted,0.00016980617122018258
dipep_TA,adapted,0.0009719443134358861
dipep_TC,adapted,0.00015221025231779853
dipep_TD,adapted,0.00010443422617346232
dipep_TE,adapted,0.0013311514879176829
dipep_TF,adapted,0.0015058624550627559
dipep_TG,adapted,0.0021353652832890404
dipep_TH,adapted,0.00011438521570776393
dipep_TI,adapted,0.002245973351063518
dipep_TK,adapted,0.0008895522758755887
dipep_TL,adapted,0.0008603513579523067
dipep_TM,adapted,1.5823731779534664e-05
dipep_TN,adapted,0.0001720400186380471
dipep_TP,adapted,0.0010685379830189157
dipep_TQ,adapted,0.0003298908880282246
dipep_TR,adapted,0.0010541083870095737
dipep_TS,adapted,0.0002891935815622842
dipep_TT,adapted,0.002251033552087673
dipep_TV,adapted,0.000775411832990129
dipep_TW,adapted,6.64656191642171e-05
dipep_TY,adapted,4.68376996927964e-05
dipep_VA,adapted,0.0038553754989218095
dipep_VC,adapted,0.0008584963964668494
dipep_VD,adapted,5.75904397847329e-05
dipep_VE,adapted,0.0003437570473471614
dipep_VF,adapted,0.0007651914198125223
dipep_VG,adapted,0.0013032537532144948
dipep_VH,adapted,0.0006915826793161262
dipep_VI,adapted,0.000701168729585488
dipep_VK,adapted,0.0024441743946003102
dipep_VL,adapted,0.005188246369952057
dipep_VM,adapted,1.3213058993805059e-05
dipep_VN,adapted,0.00025988951297567644
dipep_VP,adapted,0.0014847439186740845
dipep_VQ,adapted,0.0010964199815828779
dipep_VR,adapted,0.0017921268996055012
dipep_VS,adapted,0.0008120933001111745
dipep_VT,adapted,0.0004318207821870303
dipep_VV,adapted,0.00032814155087074903
dipep_VW,adapted,0.00021168069944494373
dipep_VY,adapted,0.0003713195601086405
dipep_WA,adapted,8.581241488070894e-05
dipep_WC,adapted,0.0001223372338895063
dipep_WD,adapted,3.8168165669137145e-05
dipep_WE,adapted,0.0052579148230443695
dipep_WF,adapted,0.0005522689309715922
dipep_WG,adapted,0.0002528456871466075
dipep_WH,adapted,2.2218276698502218e-05
dipep_WI,adapted,0.003736156786112425
dipep_WK,adapted,0.000803828271499851
dipep_WL,adapted,0.0009501667949685901
dipep_WM,adapted,2.037248247688015e-05
dipep_WN,adapted,0.0003028389626489861
dipep_WP,adapted,2.9240111700710352e-05
dipep_WQ,adapted,0.00025145752547721547
dipep_WR,adapted,0.001062659098513692
dipep_WS,adapted,0.00034190349161711877
dipep_WT,adapted,4.2676702935392134e-05
dipep_WV,adapted,9.877684305358895e-05
dipep_WW,adapted,0.00036242638999934104
dipep_WY,adapted,0.018547618523832052
dipep_YA,adapted,0.00032921916868207824
dipep_YC,adapted,0.0006339578344670924
dipep_YD,adapted,0.0
dipep_YE,adapted,0.00021357773395015684
dipep_YF,adapted,3.522730768285935e-05
dipep_YG,adapted,0.011410269135506503
dipep_YH,adapted,8.426455606750288e-06
dipep_YI,adapted,0.00011443096509564584
dipep_YK,adapted,0.00023631551431938628
dipep_YL,adapted,0.0012538582554731327
dipep_YM,adapted,0.0
dipep_YN,adapted,0.0
dipep_YP,adapted,1.213407480530356e-05
dipep_YQ,adapted,0.00068848387410811
dipep_YR,adapted,0.0007424726118088871
dipep_YS,adapted,0.00019811470178528515
dipep_YT,adapted,9.072408677981503e-05
dipep_YV,adapted,0.0002133241190984512
dipep_YW,adapted,5.6231775683577636e-05
dipep_YY,adapted,5.7687141730068564e-05
