name,model,baseline,prediction,reconstruction_error
REI-26,public,0.5,0.2966442155971596,1.6653345369377348e-16
LEL-28,public,0.5,0.16788017627562335,-1.6653345369377348e-16
TRR-26,public,0.5,0.26661994756966584,-2.220446049250313e-16
LRS-21,public,0.5,0.22696428337008148,-2.498001805406602e-16
SPE-22,public,0.5,0.12779536393451735,-3.3306690738754696e-16
GFD-30,public,0.5,0.2619229122715938,-1.6653345369377348e-16
GPE-19,public,0.5,0.2253732678809646,-1.3877787807814457e-16
TFK-18,public,0.5,0.27696909484214816,-1.1102230246251565e-16
LL-37,public,0.5,0.13739450984711463,-3.0531133177191805e-16
melittin,public,0.5,0.9205713301548387,1.1102230246251565e-16
GEK-25,public,0.5,0.14207284463122635,-2.498001805406602e-16
REI-26,adapted,0.48968643211701557,0.10544903081083458,2.0816681711721685e-16
LEL-28,adapted,0.48968643211701557,0.057609275573018454,8.326672684688674e-17
TRR-26,adapted,0.48968643211701557,0.10498013914566733,1.249000902703301e-16
LRS-21,adapted,0.48968643211701557,0.08175205382122099,4.163336342344337e-17
SPE-22,adapted,0.48968643211701557,0.046331402873267154,1.0408340855860843e-16
GFD-30,adapted,0.48968643211701557,0.10553722617748054,1.942890293094024e-16
GPE-19,adapted,0.48968643211701557,0.09438216881611401,1.5265566588595902e-16
TFK-18,adapted,0.48968643211701557,0.7268423046978808,-1.1102230246251565e-16
LL-37,adapted,0.48968643211701557,0.6784796991589386,0.0
melittin,adapted,0.48968643211701557,0.9623239162054107,-2.220446049250313e-16
GEK-25,adapted,0.48968643211701557,0.06389173512686762,2.3592239273284576e-16
